owner_id,owner_name,address,city,state,phone,email,experience_years,total_goats,initial_investment
OWN001,Edward Vega,"522 Aaron Station
East Robert, NY 65833",Mccartyfort,North Dakota,(856)313-7735,harrisjonathan@example.com,9,7,89443
OWN002,Kimberly Novak,"6899 King Divide Suite 767
Rodriguezhaven, MD 71795",West Corey,North Dakota,001-420-730-9426x19336,troytaylor@example.net,23,47,80653
OWN003,Tina Davis,"PSC 8327, Box 1903
APO AA 20533",Austinfort,Wyoming,(962)423-2224x500,rogerschristopher@example.net,13,36,51971
OWN004,Madeline Bishop,"507 Kimberly Squares Apt. 159
Ericburgh, MH 91224",New Lauren,Wisconsin,(813)469-9910x09301,michaelcarter@example.com,10,60,86736
OWN005,Nicolas Jones,"6930 Tran Circle
South Jenny, WA 25538",Robertsonborough,West Virginia,+1-316-625-1723x340,thomasmartin@example.net,6,36,28265
OWN006,Erika Jackson,"61546 Emily Roads Apt. 753
New Leefurt, NV 32706",Michaelchester,Colorado,+1-691-825-0200x0091,benjamin22@example.net,13,59,28230
OWN007,Melissa Booth,"85248 Macdonald Way Suite 167
Carrollfort, MT 40711",East Marissa,Alaska,6456507153,xanderson@example.org,9,24,86215
OWN008,April Moore,"62953 Ann Spring Suite 808
Brandyside, FM 14616",Norrisshire,Oklahoma,911.837.0265x2574,allison66@example.net,24,80,65663
OWN009,Thomas Jimenez,"97298 Debra Cape
Martinview, KS 38318",Lake Jared,Oklahoma,869.282.8221,prussell@example.org,13,33,87454
OWN010,Beverly Foley,"1481 Robert Forest Apt. 862
Michaelmouth, OK 62544",Jonview,New York,(912)356-3206,littlenicholas@example.com,1,62,46336
OWN011,Steven Arias,"2027 Conrad Branch Apt. 130
Port Dianamouth, NE 75806",South Tony,Minnesota,+1-615-674-6683x8264,martinezronald@example.org,5,89,60489
OWN012,Casey Solomon,"936 Jose Isle Apt. 639
Gibsonmouth, NY 78120",Aguirrestad,Florida,+1-835-207-7313x914,yvega@example.com,14,31,37637
OWN013,Grace Miller,"USCGC Brown
FPO AP 44697",North Hunterbury,Alabama,934-440-4619,wgarcia@example.org,17,85,91805
OWN014,Sara Maxwell,"844 Julie Shoal Suite 840
Port Shannonmouth, UT 67202",Port Gloriafort,Oregon,640.268.7486x56046,thompsoncatherine@example.com,3,27,29414
OWN015,Elizabeth Gaines,"3207 Walker Trail Suite 054
Monicaland, OK 98304",Hamiltonbury,North Dakota,(824)947-0339x4206,belllarry@example.net,17,8,11218
OWN016,Cory Anthony,"766 Matthew Gardens
Lake Theodore, MI 39696",Davidburgh,Nebraska,661.505.1983,kevinhughes@example.org,6,33,94210
OWN017,Kelsey Johnson,"7264 Brandon Route Suite 336
South Bruce, FL 94600",Flowersside,Wyoming,(567)397-1180x50464,zwhite@example.org,16,12,92883
OWN018,Joseph Duncan,"90454 Davis Green
Odomfurt, CA 07335",Port Chadborough,New Mexico,593-585-9621x728,thomaszimmerman@example.org,25,91,63750
OWN019,Amy Ward,"5745 James Drive Apt. 772
East Williamtown, NM 67779",East Robert,Alaska,485.778.5146x661,linda43@example.net,1,84,99836
OWN020,Matthew Terry,"76706 Gregory Ridge Suite 383
South Diane, NY 22175",North Andreshaven,Louisiana,+1-454-369-3947x66201,joseph06@example.com,7,14,47463
OWN021,Michael Holloway,"3766 Krueger Stravenue
Barreraside, MD 19482",Calhounburgh,Kansas,857-705-8038x2997,dwatson@example.org,3,63,97726
OWN022,Jeffrey Savage,"20555 Olsen Pine
North Carlyfurt, IL 21073",Amandatown,Florida,596.325.0789,douglas48@example.org,8,93,42625
OWN023,Tammy Robinson,"87062 Rachel Ports Apt. 476
West Alfredfort, AR 82915",Thomasmouth,Montana,+1-881-633-4717x764,craigpark@example.net,13,19,30974
OWN024,Christopher Estrada,"812 Kara Knolls
New Matthew, CA 54301",East Breannaton,Idaho,001-703-575-2373,anthonynichols@example.com,8,80,38516
OWN025,Jacob Flowers,"Unit 1979 Box 3577
DPO AE 68010",South Nathan,South Carolina,(836)613-4466,bmorales@example.com,7,75,21919
OWN026,Kevin Keller,"0075 Hansen Viaduct Suite 911
Lake Hollyside, NV 18791",Port Adam,California,469.736.0398x46967,bensonmary@example.net,18,80,43675
OWN027,Nicholas Reyes,"006 Jim Walks
New Lauramouth, ME 68699",Colemanshire,Wisconsin,(678)581-7370x284,thomashughes@example.net,11,85,46658
OWN028,Samantha Estes,"977 Young Burg
Williamhaven, MP 64345",Judyhaven,Massachusetts,4124165731,kaylaanderson@example.com,22,88,86428
OWN029,Jamie Blackwell,"784 Douglas Meadow Suite 191
New Bonnie, NE 71489",West Sherry,Connecticut,(656)646-7201,susanmurray@example.com,15,49,20643
OWN030,Antonio Cruz,"62298 Richard Vista
South Adambury, DC 65562",South Felicia,North Carolina,505.998.9315x251,craig78@example.org,23,92,54118
OWN031,Jennifer Gardner,"PSC 6359, Box 0198
APO AA 51568",North Sandraville,Connecticut,(323)531-7255x62287,marissamoore@example.org,6,35,79471
OWN032,Elizabeth Bowers,"96647 Kevin Summit
Feliciaborough, SD 81450",Bakermouth,Pennsylvania,7899776157,jmoore@example.org,22,48,83509
OWN033,Julie Franco,"8455 Sierra Ports
North Kennethberg, NJ 97721",Gonzalesfurt,Kentucky,+1-593-432-3374,hernandezpatricia@example.org,19,61,29788
OWN034,Christopher Stein,"39627 Robinson Heights
Grantchester, DC 21651",Lindseychester,Delaware,247-236-1206x7125,opetersen@example.org,12,7,60141
OWN035,Lawrence Brooks,"0977 Parks Bridge
Shauntown, NC 98295",East Deannafort,Georgia,(234)254-8681,stevenskristin@example.net,15,96,19931
OWN036,Casey West,"0382 Manning Highway
Solomonville, TX 43837",Curtisshire,Utah,479-970-5925x72479,umacdonald@example.com,8,23,27431
OWN037,Yvonne Weiss,"999 Crystal Meadow
Kevinport, FM 35144",Melissaton,Arizona,+1-674-781-1732,kelli81@example.net,22,33,69042
OWN038,Paul Gibbs,"825 David Lodge Suite 012
Lake Stacyshire, AK 60524",New Bradtown,Indiana,695-811-7627,warrencody@example.net,23,100,12110
OWN039,Elizabeth Garza,"2099 Miller Roads
New Lee, ME 79536",Port Nicholasburgh,Iowa,381.918.3038x82155,sarah60@example.org,19,7,41223
OWN040,Kevin Williams,"045 Steven Flat Suite 998
North Charleshaven, UT 42715",Port Lindsey,Delaware,437-296-3042,lindseybradley@example.org,4,35,50507
OWN041,Alexander Dickson,"5684 Kathryn Rest Apt. 652
Jessicaville, VT 35105",South Tylerfurt,Mississippi,931-615-6579,hicksdaniel@example.org,13,44,48220
OWN042,Tara Mitchell,"14381 Sheila Plaza Suite 866
Shannonborough, WA 53360",South Debbie,South Carolina,+1-770-488-9107x011,christian75@example.org,8,82,11308
OWN043,Jason Wells,"09542 Raymond Extension
North Daryl, NC 49703",Port Jeffreyside,Delaware,4413351302,shernandez@example.org,23,15,53126
OWN044,Dalton Melton,"Unit 3601 Box 0927
DPO AA 93209",Quinntown,Tennessee,(554)283-1038x24457,wigginsmary@example.net,22,34,39040
OWN045,Ronald Skinner,"8279 Kristen Wells
Martinezmouth, AK 21210",Lake Wendyview,South Carolina,001-223-960-9278x45751,jaclyn68@example.com,19,47,83466
OWN046,April Wallace,"6236 Nathan Points Apt. 851
New Bryan, TN 44096",Mooreberg,Nebraska,(779)980-3881x846,heather51@example.net,8,29,27511
OWN047,Martha Torres,"PSC 4066, Box 0842
APO AP 55997",New Renee,North Dakota,337-237-6667x366,brittneyriley@example.com,22,59,57292
OWN048,Allison Charles,"9610 Sean Path Suite 611
North Andrewfurt, SC 39080",West Christopherfort,South Carolina,+1-445-536-3425x396,syoung@example.com,2,83,11710
OWN049,Jennifer Keller,"2845 Jeremiah Island
Port Cathyfort, GA 56165",Bauershire,Illinois,362.966.2690,bradrussell@example.com,4,27,79181
OWN050,Norman Wright,"22947 Salazar Knolls Suite 243
South Robertofurt, AL 93971",Hughesport,South Carolina,4727519617,abaker@example.com,3,69,50414
OWN051,Martin Fox,"2839 Mitchell Estates Suite 636
Gardnerborough, HI 70721",East Adam,Maine,(815)873-0330x599,vmoore@example.com,21,73,90286
OWN052,Nathan Olson,"PSC 2147, Box 2934
APO AA 85766",Meredithborough,Rhode Island,(670)878-8143,zjohnston@example.com,8,86,60789
OWN053,Lynn Scott,"Unit 1273 Box 2211
DPO AA 12416",Lake Benjamin,Louisiana,298.662.8057x2064,bwilliams@example.com,10,47,88741
OWN054,Melinda Shah,"601 Jesse Plains
New Anthonyburgh, KY 71035",East James,Alaska,9519571659,christinavillarreal@example.org,2,36,98534
OWN055,James Stephenson,"87967 Lara Drive
South Mark, VT 44628",Greenefort,Wyoming,657.809.2909x87618,gregorymartinez@example.org,2,12,60784
OWN056,Bruce Robinson,"2985 Annette Neck
New Charlesland, AR 81409",New Douglas,Virginia,321.448.8558x560,osmith@example.org,15,78,87670
OWN057,Jodi Clay,"Unit 8560 Box 7243
DPO AP 24838",Wongfort,Florida,938.657.5285x051,martinezgregory@example.org,3,88,36595
OWN058,Zachary Griffith,"Unit 0809 Box 8457
DPO AE 88133",Gibsonhaven,Georgia,001-350-328-9201,sara93@example.org,10,57,83261
OWN059,Stephen Williams,"543 Barrera Shores
North Justintown, CA 43460",New Josephmouth,Maine,+1-525-240-3572x3565,montgomeryjennifer@example.com,24,10,60025
OWN060,Holly Booth,"1434 Stephanie Garden Suite 424
East Danaport, WA 59631",Lake Daisy,Vermont,517-242-6787x873,rodriguezashley@example.org,21,8,60322
OWN061,Taylor Thompson,"1612 Velasquez Junction Apt. 056
Greentown, MD 02023",Lake Morgan,Georgia,001-891-615-6862x2548,phall@example.net,12,55,18464
OWN062,Travis Cruz,"610 Bryant Causeway
Lake Tony, DE 26716",Port Heidi,Connecticut,376.360.4451,atorres@example.org,5,19,98166
OWN063,Troy Ingram III,"99178 Jennifer Drives Suite 643
Millerberg, NM 17359",Cynthiabury,Alaska,(232)383-4271,jeffrey57@example.net,16,44,71858
OWN064,Richard Park,"92816 Jordan Wall Suite 658
Margaretfort, AZ 52628",Thorntonton,Mississippi,001-726-697-0952x98767,sharris@example.org,5,57,73571
OWN065,Ryan Hunt,"02793 Gary Forges Apt. 104
Hahnburgh, ME 08866",West Rachelstad,Montana,+1-884-891-0800x1230,mccarthymatthew@example.org,6,32,49815
OWN066,Robert Hoffman,"15206 Juan Corner Suite 754
Masonside, MI 22872",North Brandi,Minnesota,(456)980-5062x566,wilsonchristopher@example.org,2,60,80705
OWN067,Kenneth Cortez,"2715 Gomez Heights Suite 761
New Jason, NE 49203",Petersonhaven,Connecticut,623-526-6443,xrivera@example.net,18,96,67644
OWN068,Valerie Everett,"999 Jennifer Square Suite 159
Thomasfort, VT 69782",West Paige,Iowa,(213)470-1941x1211,mollyleonard@example.net,16,24,73098
OWN069,Angela Peters,"USNV Smith
FPO AE 07405",Christopherhaven,Virginia,001-459-525-5544x89717,vwolfe@example.com,25,48,93944
OWN070,Tracey Flores,"464 Amanda Loaf
West Joy, AK 69036",Gatesborough,South Dakota,(265)730-7022x260,hallfred@example.com,7,75,64746
OWN071,Anthony Thompson,"4023 Wyatt Crescent Apt. 200
Port Briantown, MN 75998",Lake Brittneyview,Maine,8713152889,williamscassie@example.org,13,75,88013
OWN072,Craig Bradshaw,"4621 Silva Road
Curtisfurt, UT 48201",New Katherineton,Montana,286-978-7864x775,coopertodd@example.net,23,67,17250
OWN073,Melissa Bird,"236 Courtney Street
South Jennifer, GU 76896",West Randy,Montana,290-910-4700x3169,rickytorres@example.com,15,31,49263
OWN074,Olivia Curtis,"828 Brittany Roads Suite 129
Victorport, NJ 38169",Martinezfurt,North Dakota,563.303.3453x4138,warrensamuel@example.net,21,21,23397
OWN075,Mrs. Christy Green,"5874 Huff Fall
Port Michaeltown, ID 38004",South Ronald,Illinois,+1-307-733-4751x240,ithomas@example.com,18,7,76897
OWN076,Annette Cruz,"7427 Burgess Point
Wendychester, ND 22979",Sandersview,New Jersey,410-466-0115,angela91@example.net,20,91,36770
OWN077,Shelby Hernandez,"512 White Springs Suite 433
Mariaport, IA 64866",South Stacey,Arizona,(225)444-7780,fordalexis@example.net,4,55,89311
OWN078,Mark Williams,"1696 Macias Flat Apt. 032
Port Rebecca, SC 37731",Jenningsview,California,7327051807,zacharyholmes@example.com,17,22,36141
OWN079,Joel Peters,"06437 Mike Freeway Apt. 422
Lake Jasmine, PA 40434",Alexanderland,Minnesota,+1-801-355-5929x680,rodriguezerica@example.org,24,68,85559
OWN080,Danielle Todd PhD,"890 Cynthia Green
Jonesview, MP 44077",Williamshire,Hawaii,+1-831-542-9346,rodneybrown@example.com,25,80,58721
OWN081,Lisa Jacobs,"26486 Franklin Isle Apt. 517
Myersberg, ID 37473",Terriland,Idaho,546.932.7373x3804,denise64@example.org,8,96,49507
OWN082,Melissa Perez,"57689 Bridget Place Suite 888
East Darinbury, UT 06674",Williamsville,Massachusetts,(841)227-0384,ylarson@example.com,5,92,93228
OWN083,Nicole Pearson,"583 Scott Burg Apt. 971
East Vanessahaven, GU 96191",North Jessica,New Mexico,8205339186,elizabeth70@example.net,1,47,63841
OWN084,Anthony Ayers,"631 Patrick Fields Apt. 573
Katherinehaven, NY 96499",South Angela,Texas,508-947-4732x8160,knoxdakota@example.org,13,69,13012
OWN085,Felicia Wheeler,"202 Ellis Wells
Rogerfurt, PW 36508",North Sherylland,New Hampshire,3994875471,brittanytorres@example.com,15,33,56979
OWN086,Jason Berg,"0377 Cross Divide Apt. 955
Keithton, IN 41527",Robinsonmouth,Illinois,486.807.8458x53991,amanda57@example.org,6,55,69042
OWN087,Jennifer Sanders,"06100 Brandon Loop Apt. 075
Port Christopherstad, MO 95394",Tinatown,Texas,+1-663-885-6607x45756,welchkimberly@example.net,11,54,56209
OWN088,Zoe Norris,"26115 Darren Viaduct
Parkstad, MH 70495",North George,Wyoming,+1-621-767-7430,stephaniephillips@example.org,6,84,98844
OWN089,Aaron Harris,"015 Krueger Key
Haleberg, KY 88437",Wolfebury,California,774.804.6479x801,agarrison@example.org,23,74,10983
OWN090,Robert Jackson,"196 Adam Field
Port Curtis, CT 30681",Loriland,Maryland,8263849209,bakermichael@example.com,12,36,95205
OWN091,Vanessa Smith,"52974 Thomas Isle
Jacksonchester, NJ 54551",Owensmouth,Connecticut,(462)742-5139x9004,sylvia36@example.com,2,29,62069
OWN092,Zachary Ashley,"50171 Lori Turnpike
South Darrell, MA 39863",South Autumn,New Mexico,(302)573-2422x8178,michelle88@example.org,4,6,12164
OWN093,Edward Chase,"400 Christopher Place Apt. 185
Woodsland, GA 96354",Turnerbury,Virginia,779.297.0629x9138,davisrandall@example.net,9,85,66994
OWN094,Anna Wilson,"7764 Christopher Fork Suite 590
North Michaelbury, LA 38067",Brianstad,Maine,921-924-3651x9105,robertcross@example.net,21,7,53554
OWN095,David Williams,"50352 Owens Mills
Lake Melissaburgh, VT 62939",Burnettmouth,New Hampshire,001-776-258-9422x350,glenda25@example.org,4,5,13012
OWN096,Michael Smith,"90108 Ryan Junctions Apt. 769
Jennifermouth, DC 76507",Wellsport,Wyoming,+1-933-833-7078,katiemelendez@example.com,4,77,91548
OWN097,Andrea Wade,"20974 Kevin Squares
Laurabury, WI 50526",Taylorborough,Georgia,894-423-2700,rmartinez@example.org,11,5,16092
OWN098,Tricia Moreno,"82360 Christian Square Suite 189
Kelleymouth, OH 60320",North James,Kansas,939-538-6290,bonniedavis@example.com,20,76,71517
OWN099,Clifford Wilson,"513 Carter Mills Apt. 344
East Christopher, ND 47928",Goodmanbury,California,387-372-7223x5127,timothyward@example.com,6,55,45580
OWN100,Tristan Turner,"11002 Carson Cliff Apt. 418
South Matthew, AK 63235",West Johnstad,Alabama,797-298-0188,edwardsnicole@example.net,14,23,68940
OWN101,Christopher Abbott,"277 Boyer Mountains Apt. 646
Lake Cheryl, RI 16655",South Alberttown,Kansas,(547)883-5137x23035,brittneyblack@example.org,4,58,69712
OWN102,Shelby Farrell,"2739 Laurie Plains Suite 869
Lake Bruceville, SC 90507",Port Tanya,Colorado,(746)608-8809x65876,zlarson@example.org,12,21,11240
OWN103,Jacqueline Mason,"2752 Megan Oval
Tanyaside, FM 98504",East John,Oklahoma,643-767-0478,wwalters@example.com,12,78,42064
OWN104,Samuel Everett,"398 Miller Burgs Apt. 318
Martinhaven, OH 21134",South Jamesbury,Florida,695-496-3925,ygrant@example.org,25,98,53691
OWN105,Sabrina Williams,"3513 Rebecca Drive Apt. 113
West Carmen, MT 04624",Eddieshire,Arizona,279-443-3014x7998,jeffrey27@example.net,9,15,58395
OWN106,Nicholas Nguyen,"4263 Pena Fall
Pennyview, SC 13336",West Melanie,Tennessee,997.465.6394x1409,kimberly33@example.org,16,98,30643
OWN107,James Butler,"8392 Angela Lake
Lake Andreastad, GA 74740",Shafferport,Oregon,642.365.1048,ugibbs@example.net,8,79,74998
OWN108,Sarah Krueger,"912 White Coves
Kimberlyshire, FM 26013",Lake Mark,Iowa,579-768-2931,josephnielsen@example.org,9,28,43000
OWN109,Tanya Foster,"100 Mary Extension Apt. 134
Port Jennifer, TX 84031",Jonathanmouth,Arkansas,246.841.6510x59273,james78@example.org,15,41,29551
OWN110,Justin Smith,"20191 Barnes Plains
Haydenstad, IA 32542",Port Christopher,Georgia,001-812-911-6351x47472,jonathan10@example.org,21,46,80887
OWN111,Maureen Mitchell,"456 Harris Via
Port Derrick, FL 74448",Lorifurt,Montana,(948)270-3412x8288,brittanyblack@example.org,19,17,91827
OWN112,Emily Ward,"006 Luke Tunnel
South Charlottefort, IL 45818",West Stephanietown,South Carolina,419-772-2947,jeffreywagner@example.com,19,95,51407
OWN113,Richard Hunter,"73923 Gonzales Cliff
Johnstad, OR 72158",Drakefort,South Carolina,(864)653-2447,bmccoy@example.com,20,67,50548
OWN114,Christopher Ibarra,"742 Mitchell Tunnel
East Michaelhaven, MH 19888",Port Paul,Louisiana,4467946189,tanyagonzalez@example.net,14,46,21746
OWN115,Matthew Barker,"1172 Maynard Estates
Heathshire, AS 27493",Torresbury,Alaska,(693)534-3771,nharris@example.org,19,73,48855
OWN116,Dale Wiggins,"41105 Reed Mews
New Kimberly, FM 01542",West Danielle,Oklahoma,(514)558-6720x12345,msmith@example.org,14,92,59064
OWN117,Laura Holmes,"244 Roach Manors
Lopezside, TX 01766",East Debra,Connecticut,(436)889-0475,scott12@example.org,13,32,24434
OWN118,Carlos Brewer,"1297 Gonzalez Ville Apt. 000
South Jeremiah, GA 19262",Wrightfurt,North Carolina,(268)383-6635,cruzdavid@example.com,13,8,36700
OWN119,Jacob Gray,"PSC 8493, Box 8260
APO AA 95259",Katherineside,Michigan,(710)466-5781x970,michael50@example.com,6,87,83478
OWN120,Tonya Walker,"62365 Nicole Union
South Danielstad, TX 11384",Lake Vicki,Indiana,688-902-5857x4228,cookherbert@example.org,22,75,77035
OWN121,Katherine Harris,"096 Huber Radial Suite 969
Kaitlynstad, TX 71315",North Darrylhaven,Washington,001-729-697-1901x6758,gabrielanderson@example.net,19,38,97952
OWN122,Brooke Walsh,"934 Dylan Parks Suite 337
South Mitchellside, MI 45930",East Richard,Nevada,(916)675-5888x2589,ballardjuan@example.com,18,78,73372
OWN123,Ashley Pollard,"2657 Sanchez Canyon Apt. 240
South Lisafurt, NY 06171",Sueborough,Utah,446-220-3672x4039,christopher14@example.com,18,83,49708
OWN124,Patrick Harris,"14000 Kimberly Avenue Apt. 712
New Peterbury, MI 31680",Watsonfurt,Illinois,603.904.4598x0141,susan89@example.net,4,93,74729
OWN125,Renee Jennings,"410 Kristine Cove
Lake Kristinamouth, PR 00834",Ryanfort,Arkansas,001-750-639-8371x0912,eric48@example.com,5,60,39694
OWN126,Brandon Booth,"759 Haley Cliff
Copelandstad, AR 87146",North Jessicaville,Kentucky,+1-513-241-4191x5964,jessicaadams@example.net,23,95,56698
OWN127,Amanda Walsh,"451 Obrien Circles Apt. 261
Jeremyton, PW 53247",Schultzfurt,Oklahoma,+1-837-757-5165,brooksrebecca@example.net,5,71,82193
OWN128,Kyle Turner,"691 Ramos Ville Apt. 567
Larryville, AL 04321",East Rebecca,North Dakota,+1-806-263-5053,jasonjohnson@example.com,5,69,11364
OWN129,David Melendez,"689 Johnson Burg
North Jennaside, MN 60787",South Terriberg,Idaho,430.882.4148x06053,dawnjones@example.org,22,92,79377
OWN130,Brenda Hamilton,"617 Jason Stream Apt. 478
Aprilmouth, HI 14935",Brittanyville,Iowa,(938)368-3943x63538,thompsonrichard@example.net,6,32,22767
OWN131,Philip Joseph,"98103 Douglas Points
North Michael, GU 06103",Lake Scottmouth,Colorado,4265013992,uhunt@example.net,10,29,96790
OWN132,Alexandria Garcia,"067 Martinez Brooks
Staceyville, MA 60828",Kristenhaven,Indiana,001-216-951-4276,shelbywagner@example.net,23,9,96890
OWN133,Dawn Mack,"PSC 3760, Box 7751
APO AA 87771",Teresahaven,Kentucky,+1-735-619-4377,stevensalbert@example.org,5,49,29530
OWN134,Michelle Smith,"138 Tammy Groves Apt. 203
Henryside, MS 47156",Watkinsberg,Michigan,001-865-807-5874x787,brightjennifer@example.org,2,6,95616
OWN135,Michael Daniel,"4675 Perez Pike
Janiceburgh, MD 45410",Stephaniemouth,Utah,550-227-3627,murphydoris@example.net,5,78,77720
OWN136,Juan Garza,"519 Heather Rest Suite 736
Robertmouth, NE 64684",Hernandezstad,Arizona,576.980.0582,christina17@example.org,20,8,47995
OWN137,Anthony Mclaughlin,"371 Arias Islands Suite 809
New Kathrynborough, VA 33890",West Erika,Florida,001-490-980-0977x85598,sthompson@example.org,6,90,64322
OWN138,Michael Boyd MD,"664 Garcia Via Apt. 153
Lynnfurt, MH 36883",North Juliechester,Idaho,386.236.6260x7907,orusso@example.org,19,93,81743
OWN139,Michelle Hanson,"1200 Hubbard Ridges
Nguyenville, RI 86349",Youngbury,Wisconsin,380.312.9486,wbarnett@example.org,2,74,72696
OWN140,Andrew Jenkins,"4718 Roth Dale Suite 804
East Jamesstad, FM 10844",New Thomas,Kansas,+1-428-794-5437,ronaldbrown@example.org,18,27,51410
OWN141,Lucas Marquez,"342 Johnson Heights Suite 043
North Jesseland, MP 93737",Tracyfort,Vermont,001-214-317-8454x842,phillipsrebecca@example.org,8,38,59433
OWN142,William Wright,"841 Kimberly Street
Lake Christinamouth, CA 75648",Schwartzbury,Kentucky,(324)668-7769x6197,torresamanda@example.com,16,89,10062
OWN143,Dylan Richard,"Unit 8247 Box 7284
DPO AA 57431",Jasonborough,Pennsylvania,(824)933-1101,chad21@example.org,19,79,68138
OWN144,Allison Ramirez,"01021 Heidi Parkways Apt. 223
Michaelburgh, WV 30372",Port Edwardborough,Michigan,206.544.3884,pnewton@example.org,22,69,53143
OWN145,Andrew Franklin,"791 Brian Route
North Nancy, SC 48894",Luceroland,Colorado,+1-492-415-0899x87722,ebrown@example.com,21,9,67079
OWN146,Kathleen Allen,"59215 Bradley Lights Suite 677
Erinshire, LA 77033",Leeview,Montana,(982)250-9208,jacobtapia@example.org,3,54,18830
OWN147,Theresa Collins,"6446 George Mountain
Russellhaven, CT 68416",Port Jameston,Washington,+1-749-368-9888,megan27@example.org,8,20,95266
OWN148,Peter Serrano,"3161 Jose Via
South Tammieville, VI 95884",Port Sarah,Vermont,593.953.4966x751,jeremy31@example.com,5,20,70204
OWN149,Cheyenne Olson,"51797 Cooper Hollow
Taylorbury, MN 67149",Fieldsberg,Arkansas,625-745-4635,dfoster@example.net,17,73,96809
OWN150,Sharon May,"54318 Stephanie Cliff
Port Barbaraside, NY 59847",Loriside,Hawaii,4708864421,edwardhaney@example.org,24,73,78196
OWN151,Valerie Miller,"7507 Kellie Glens
South Brandonburgh, MD 74506",South Scottport,Virginia,(499)906-6397,vanessa90@example.net,22,96,92156
OWN152,Mark Greene,"873 Brandi Road
East Chadview, GA 87585",Kristyberg,Wisconsin,+1-359-348-9136x13353,laura51@example.com,3,60,94619
OWN153,Sean Crosby,"06250 Melissa Tunnel Apt. 029
Sabrinaland, TN 96483",New Christopher,Oklahoma,001-529-368-6416x385,barbaramedina@example.com,6,55,65360
OWN154,David Sloan,"699 Mccormick Square Suite 535
South Benjaminberg, KS 48164",Benitezborough,Nebraska,984-364-0475,maldonadomatthew@example.org,13,83,76585
OWN155,Kelly Cox,"498 Winters Parkway Apt. 075
Thomasside, NY 16451",Howardfurt,Rhode Island,(921)308-1232,angelamaxwell@example.net,16,39,28344
OWN156,Bianca Rivera,"851 Watson Ridge Suite 790
North Jackville, RI 12495",New Maryland,Missouri,485-775-8942,hillemily@example.com,6,35,39835
OWN157,Linda Price,"32290 Henry Falls
South Tammy, AS 81591",North Tiffanyhaven,North Dakota,001-746-764-9566x7048,kburns@example.com,17,41,49915
OWN158,Amy Smith,"70028 Brian Terrace
Derekberg, AZ 95712",Fullerstad,North Carolina,428.524.3001x07599,ppatel@example.org,10,56,18967
OWN159,Anthony Moreno,"45449 Julia Throughway Suite 996
Katherineside, WA 46370",Connieview,California,563.741.2079,obrandt@example.org,3,63,84437
OWN160,Jessica Carlson,"199 Natasha Plain Suite 340
Kentstad, RI 63114",Lake Anthony,Tennessee,+1-606-237-4182,drice@example.com,24,45,49569
OWN161,Joseph Lopez,"24703 Jason Crest
West Tracy, ND 74959",Lake John,Arizona,+1-952-439-8068x7677,crawfordnancy@example.net,20,98,58236
OWN162,Tony Hughes,"USNV Travis
FPO AA 91947",Richardport,Colorado,(827)293-1364x109,munozcurtis@example.com,24,63,18824
OWN163,Donna Shaffer,"223 Carroll Walks
Robertfurt, IA 86621",New Leroymouth,Rhode Island,524-837-3110,bgonzalez@example.org,22,15,67814
OWN164,Kyle Howard,"31944 Ramirez Station Suite 825
East Amandaborough, NJ 21265",Taraberg,Alaska,6386227170,ryan17@example.org,25,6,48607
OWN165,Caitlin Kelly,"78559 Michele Hills
East Laurenfurt, AS 99118",East Patriciaberg,South Dakota,+1-662-669-3972x312,mariapark@example.org,20,37,94361
OWN166,Lisa Perez,"179 Ernest Ferry Suite 258
New Kathleenbury, WA 48601",North Heatherton,Georgia,(487)897-0028x891,dianafoster@example.org,23,44,95207
OWN167,Laurie Cooper,"725 Matthew Fort Suite 185
Sarachester, SD 56805",Michaelchester,Pennsylvania,001-508-266-2917x654,davidhendricks@example.net,21,14,57632
OWN168,Courtney Green,"409 Oneill Locks Suite 185
Veronicamouth, DE 04964",Michellechester,New Mexico,585.696.5715x4848,jessica46@example.com,7,54,25943
OWN169,Devin Murray,"728 Robert Tunnel Apt. 994
North Josephton, OK 85304",Longmouth,Montana,937.285.3318,ywatson@example.org,9,47,19430
OWN170,Jason Harper,"465 Tyler Mission Apt. 796
West Rodneyside, KS 92449",Randallhaven,New Mexico,+1-481-570-6192x598,jeanetterios@example.net,22,90,94104
OWN171,Jeremy Brown,"1936 Cameron Port
Webbfort, NC 13716",South Davidchester,Alaska,001-517-847-4263,anndickerson@example.net,18,32,19710
OWN172,Tiffany Mcguire,"6382 Davis Pike
Port Stephenmouth, NV 38912",Lake Christopherville,Oklahoma,401-520-1466x2354,cnichols@example.net,8,24,22411
OWN173,Hunter Miles,"574 Jones Rapid Apt. 103
South Ryan, RI 42893",Robinsonmouth,North Dakota,001-323-313-9788x674,kristinacarson@example.com,22,72,24387
OWN174,Christopher Mcconnell,"91511 Morgan Junctions
Port Jonathan, IA 20486",Carolland,Wisconsin,+1-369-495-7471,kristenhale@example.org,23,53,72028
OWN175,Eric Grant,"92215 Robert Turnpike Apt. 951
Lake Jessicaborough, NE 30049",Ericborough,Utah,901.940.3191,jared68@example.net,2,43,86444
OWN176,Matthew Escobar,"7480 Davenport Fall
Edwardsview, WY 81445",Port Karibury,South Dakota,647.763.5231,shannon63@example.net,4,51,61534
OWN177,David Wright,"0668 Tran Radial
Port Melanieburgh, ND 79044",Ortegaborough,Tennessee,001-911-963-4860x627,ewilson@example.net,4,6,17648
OWN178,Kelly Cook,"44958 Johnson Mountain Apt. 141
Reyesburgh, MA 91704",Port Christopherside,New York,+1-772-677-2944x95900,nhayes@example.com,16,21,66602
OWN179,Benjamin Jacobs Jr.,"790 Kimberly Ports
Port Tonyaburgh, WI 35839",Whitebury,New York,(448)825-6142x2533,douglaslopez@example.org,2,64,59903
OWN180,Jennifer Maynard,"8936 Powell Track Suite 950
Ryanmouth, PR 64178",West Troy,Utah,903-516-2987x1803,rreid@example.com,17,92,56094
OWN181,Bryan Yu,"760 Kristen Ramp Apt. 661
Lake Ralphtown, LA 82074",New Brandon,Connecticut,+1-414-871-9272x77449,tracyunderwood@example.org,3,58,48157
OWN182,Allison Mejia,"7871 Freeman Vista Suite 010
East Alyssaport, MT 32461",Benjaminhaven,Virginia,001-494-746-5790x7769,robin96@example.net,24,12,93991
OWN183,Jared Shields,"34938 Yates Drives Apt. 011
West Theresa, OR 44202",North Nicholasside,Oregon,3407008926,mathewortiz@example.com,14,41,14367
OWN184,Terri Perez,"810 Jackson Burgs Suite 724
Robertborough, KS 74978",Mcguirebury,Tennessee,(965)965-9625,icooper@example.org,2,48,82249
OWN185,Brent Cox,"2577 Brenda Union Apt. 646
Andreberg, AL 36124",Caldwellborough,Oregon,+1-725-232-8983x340,ryan79@example.org,25,100,47732
OWN186,Michael Stout,"50674 Pratt Knolls Suite 276
Port Garyhaven, NE 50398",Howellchester,Minnesota,518.735.5224x81516,amandakelly@example.net,10,49,23504
OWN187,Wendy Thompson,"13231 Kelly Dale Apt. 758
Ashleyland, MA 37236",South Christopherport,New York,+1-874-262-2426x203,keithgraham@example.com,24,22,75879
OWN188,Mark Smith,"983 Perez Field
Lake Rebeccaport, NM 68204",West Ashleymouth,Washington,(514)279-4511x067,hhenderson@example.net,6,66,28366
OWN189,Theodore Miranda,"765 Alyssa Forge
Loriport, AR 88751",Port Michelleport,Utah,531.212.8515,jessicawells@example.org,20,38,30952
OWN190,Sara Rosales,"1955 Allen Lakes Apt. 420
East Williamstad, OR 17490",Ricechester,Utah,(649)943-4670x624,kmullen@example.com,18,84,81337
OWN191,Andre Moore,"3070 Kimberly Unions
Lake Erika, VI 36234",Garciastad,Mississippi,224-302-4133x919,markwoods@example.org,3,19,65408
OWN192,John Smith,"88999 Eric Locks Suite 842
Lake Robert, ID 50603",Johnston,Montana,(686)456-7504x909,ryancole@example.org,14,41,88290
OWN193,Donna Ewing,"42359 Jonathan Camp Suite 913
Kathrynbury, VA 57916",Port Andreastad,Washington,(921)846-0052x5160,ashleysolis@example.com,16,25,97914
OWN194,Samuel Cooper,"PSC 6130, Box 1713
APO AE 70440",South Andrew,Arkansas,+1-370-954-5140x16317,moseskristin@example.net,9,72,42294
OWN195,Jeffrey Blackburn,"3473 Mary Fall Suite 296
Port Steven, PW 13668",Alexishaven,Florida,3159417290,stephaniemurphy@example.net,5,45,88781
OWN196,Scott Morris,"1390 Christian Gardens
Muellerfort, IA 44644",North Jose,Delaware,001-949-546-6201x0570,hawkinswilliam@example.com,11,68,49328
OWN197,Stephen Ingram,"9620 Steven Isle Suite 898
Andrewmouth, PA 39861",Davidchester,Alabama,(776)313-4635,velazquezcaroline@example.com,23,75,57942
OWN198,Samuel Flynn,"78697 Timothy Cape
East Amanda, MA 94256",South Emilybury,South Dakota,600-334-7085,nunezshannon@example.org,20,18,38694
OWN199,Sergio Herrera,"37491 Angelica Expressway
Flowersfurt, MP 62801",Deborahmouth,Maine,001-749-443-2100x26479,justin62@example.net,7,68,56097
OWN200,Heather Mccormick,"94649 Dawn Glen
East Johnny, SC 20145",East Daniel,Kansas,001-804-632-8936x923,yvettesanchez@example.net,19,79,35988
OWN201,Cynthia Munoz,"174 Stephanie Forest
South Blakeville, FL 73390",Kevintown,Louisiana,844-433-9640,pamelapeterson@example.com,8,37,58120
OWN202,Julia Munoz,"2244 Garcia Mountains Apt. 134
Maysfurt, NM 33307",Jordantown,Connecticut,994.429.7674,kaitlyn91@example.net,18,28,37153
OWN203,Jennifer Snyder,"7354 Monica Trail
Traceystad, MN 39859",Lake Tonyberg,Pennsylvania,(357)810-4297x864,john51@example.org,18,73,21587
OWN204,Sergio Young,"5808 Jason Landing
North Derekport, DE 50701",Coxberg,Ohio,2706223821,lisa43@example.org,17,67,24652
OWN205,Kevin Hughes,"97497 Deborah Cape Apt. 554
Summerfurt, NM 59810",North Davidburgh,South Dakota,001-638-529-9060x49443,oherrera@example.org,13,80,43132
OWN206,Cindy Wood,"048 Rodriguez Motorway
Rojasstad, MS 22850",New Patriciaton,Delaware,(732)407-1838,mcdowellmatthew@example.org,13,100,67556
OWN207,Krista Conley,"0105 Theresa Grove
Spenceburgh, GU 87610",Turnerbury,Arizona,738-706-7693x25855,yfigueroa@example.net,25,49,66672
OWN208,Mark Moore,"3246 Perez Plain Apt. 146
Lake Willietown, IN 44216",New Michael,Montana,(960)309-5328,egrant@example.org,18,83,97538
OWN209,Deborah Hartman,"1181 Russell Rest
Conwaychester, ID 73079",Jamesfort,Oklahoma,001-660-346-0634x4200,edward61@example.net,25,22,89147
OWN210,Sabrina Robles,"PSC 2386, Box 3949
APO AE 63401",Lake Austinmouth,Alaska,865-454-4526x10134,shannon94@example.net,21,28,50625
OWN211,Christopher Bullock,"278 Blackwell Mountains Suite 812
Port Angelamouth, MA 77003",Turnermouth,West Virginia,001-656-210-8279x544,alison84@example.com,21,63,63283
OWN212,Lori Ayala,"9847 Kaiser Extensions
South Alexis, NM 57836",Robinsonview,Massachusetts,409.769.7991,emily25@example.com,17,9,71921
OWN213,Kayla Ford,"USCGC Brown
FPO AA 21360",New Haleyburgh,Alaska,968-265-2164,phamilton@example.org,5,47,71449
OWN214,Glenn Simpson,"9999 Mitchell Walks Suite 979
North Patriciamouth, VA 09361",South Daniel,West Virginia,+1-277-735-6311x6661,grantjane@example.net,22,78,68000
OWN215,Michael Randall,"700 Sanchez Fork Apt. 265
East Wendyside, VT 05979",West Annetteport,New Jersey,212.326.0782x552,katherineblair@example.org,12,85,19540
OWN216,Zachary Kim,"3151 Andrews Vista
Lake Tammy, MA 12647",South Bridgetmouth,Mississippi,397-605-3301,katiegonzalez@example.org,7,16,52434
OWN217,Micheal Smith,"23620 Patrick Ports
Rosarioshire, PR 44303",North Anamouth,Kentucky,472-884-2217x7674,camposvincent@example.net,24,40,64824
OWN218,Christopher Barnes,"130 Maria Turnpike Suite 307
East Melissa, MS 77729",Osbornhaven,Arizona,425.761.1955x8436,cory26@example.com,7,59,75363
OWN219,Corey Espinoza,"4236 Adam Orchard Suite 095
Michaelside, MH 82707",Port Kaylaland,Idaho,6787770679,eric35@example.org,21,59,29813
OWN220,Antonio Sanchez,"67648 Juan Terrace
Hughestown, NC 77806",Mcmahonfurt,Kansas,(486)580-3607x25134,adamselizabeth@example.com,4,32,99875
OWN221,Warren Gonzalez,"Unit 3029 Box 5776
DPO AA 59832",Port Danielville,Michigan,8867426348,crystal23@example.net,14,6,66795
OWN222,Garrett Garcia,"3863 Miller Village
Kimberlychester, TX 49914",West Patrickshire,Utah,(226)935-1321,ntaylor@example.com,5,83,47375
OWN223,Mark Campbell,"16414 Whitehead Motorway Suite 988
Kristinfort, MN 21141",Lake Alexandria,Delaware,469-645-8795,james36@example.com,23,80,46124
OWN224,Miguel Stephens,"4935 Thomas Rue
Michellemouth, AS 72805",Alexanderville,California,(405)976-1997x6449,stevensnicholas@example.com,9,64,92256
OWN225,Michelle Potter,"10763 Courtney Isle
Christophershire, WY 92016",West Charleschester,North Carolina,001-661-980-0269x33437,adamreyes@example.org,6,68,27716
OWN226,Kara Jones,"1273 Freeman Prairie Apt. 172
Christophertown, ID 65904",Tinachester,Delaware,631.248.5280x96147,andreabruce@example.com,10,50,52267
OWN227,Brian Watts,"199 Ross Field Suite 978
Lake Lisaville, SD 87253",Mcguireside,South Dakota,001-757-995-7511x970,danwilliams@example.com,22,67,61091
OWN228,Trevor Morris MD,"USS Cruz
FPO AE 34969",Rachelfurt,Minnesota,924.665.0866,dlewis@example.net,20,80,86579
OWN229,Miguel Cochran,"682 Jose Keys Apt. 778
Lake Melissaview, CT 70312",Port Reneehaven,Mississippi,(348)860-1987,smithsara@example.com,18,68,50965
OWN230,Stephanie Anderson,"20958 Torres Greens
Cherylstad, WI 53853",East Brittanyside,Massachusetts,+1-251-842-6743x0414,campbellstephanie@example.net,3,18,91834
OWN231,Travis Stanley,"28203 Jenna Square Suite 626
West Lisaberg, VA 78295",Shirleyfort,Ohio,9659104872,waynekim@example.org,10,72,87610
OWN232,Christopher Brennan,"09620 Pitts Cove
Port Melanie, MD 18685",Port Sarahfurt,Missouri,729-938-5276,kelleyjason@example.org,8,91,36512
OWN233,Eric Haney,"84401 Long Key Suite 467
South Lauraport, FL 73991",East Stevenborough,Idaho,+1-385-529-5674,kristinagilbert@example.com,23,33,62098
OWN234,Amy Moss,"8433 Webb Turnpike
New Candace, VT 49042",Michaelton,Wyoming,8999800896,sjones@example.net,25,31,90871
OWN235,Monica Boyd,"140 Andrea Roads
Port Kevinland, WA 98634",West Kevinhaven,Iowa,(347)385-0664x55943,wallacetimothy@example.com,19,60,13951
OWN236,Tiffany Johnson,"242 Wanda Turnpike Suite 468
Port John, NY 65110",West Gary,California,001-607-763-4516x3747,michael92@example.com,3,44,45609
OWN237,Alexander Lynch,"72139 Livingston Bypass
North Nicholasside, RI 28832",Brandyhaven,Delaware,(771)913-1637,jasonwallace@example.org,16,19,57771
OWN238,Sergio Andrews,"PSC 0462, Box 7873
APO AE 19665",East Katherine,Virginia,+1-711-388-4708,brittany72@example.org,22,99,85738
OWN239,Kimberly Davis,"1509 Barajas Prairie Apt. 172
Karenville, NC 40298",Matthewport,Utah,8249183834,ujones@example.com,19,92,70083
OWN240,Brian Williams,"Unit 6674 Box 0572
DPO AA 89171",New Gregory,Oregon,996.740.4935x679,jason62@example.net,16,89,19859
OWN241,Jennifer Gonzales,"1923 Vincent Avenue Suite 123
Lake Amberstad, PW 42055",Justinton,New York,001-329-876-5395x684,rodriguezerik@example.net,19,38,92485
OWN242,Alexandra Vazquez,"USS Rogers
FPO AE 04978",Markland,Missouri,001-736-242-1416x88405,jacquelinebolton@example.com,9,47,91622
OWN243,Ryan Conrad,"PSC 8567, Box 8466
APO AE 68494",New Austin,Missouri,792-270-0377,lisa70@example.com,12,94,90883
OWN244,Gene Pham,"PSC 4004, Box 4565
APO AE 53468",West Thomasville,Colorado,8806159495,patriciawise@example.net,13,15,44527
OWN245,Brianna Mclaughlin,"6262 Rios Haven Suite 385
Port John, NM 77638",Youngchester,Mississippi,865.467.7737,anna88@example.com,2,83,69548
OWN246,Alicia Williams,"045 Shaffer Alley
North Ashley, MI 12593",West Brandiside,South Carolina,+1-694-927-9863x18089,woodjulie@example.com,15,44,21040
OWN247,Emily Watkins,"3204 Steven Cliffs Apt. 560
Jacquelinefort, GU 65550",Oliverfort,Florida,762-528-0940,janetpalmer@example.net,17,41,23514
OWN248,Joseph Bryant,"70594 Dustin Grove
East Jasonhaven, MO 74104",Port Andrewhaven,North Dakota,+1-887-257-3254x8348,lisajackson@example.org,5,53,43035
OWN249,Jonathan Cowan,"6446 Roger Loaf
North Williammouth, NE 75692",South Michaelshire,Ohio,(652)480-2722x50171,nicolematthews@example.net,1,46,42375
OWN250,Jeremy Craig,"6893 Bradley Port
Christopherview, GA 86399",Taylorside,Maryland,001-692-522-0291,jessica44@example.net,12,22,88373
OWN251,Ann Powers,"584 Flores Cliff Suite 604
Morganchester, FL 14646",Hillburgh,Pennsylvania,796-559-7946x6947,josephscott@example.org,8,27,27679
OWN252,Debra Robinson,"127 Paul Crescent Suite 175
Lake Andreaberg, PW 58646",East David,Virginia,(830)669-2020,katherinebrown@example.net,15,56,86938
OWN253,Patrick Hunt,"016 Melissa Meadow Apt. 045
Port Seantown, GU 80909",North Jonathanfort,New Jersey,4792811890,judy23@example.org,23,67,34966
OWN254,Christine Callahan,"380 Hays Lake
West Breanna, MH 42654",Lake Amanda,Pennsylvania,001-786-920-9882,charles50@example.com,23,89,17732
OWN255,Walter Young,"82951 Erik Ranch Apt. 662
North Alejandroville, CA 38688",South Stacyborough,Michigan,320.687.2753,youngsamuel@example.com,11,63,33667
OWN256,Gregory Mcconnell,"6674 Boyer Estates Apt. 240
Lopezfurt, ME 99889",Lake James,Arizona,001-270-723-4354,joshuawilliamson@example.net,4,70,66461
OWN257,Mr. Michael Parsons MD,"249 Fox Extensions
East Russellburgh, CT 79563",New Garyberg,Missouri,001-825-470-7489x8587,christine25@example.org,9,48,98967
OWN258,Hunter James,"362 Joseph Port Suite 309
Jacobmouth, AR 28965",Samanthamouth,New Mexico,2233583633,joshuaflores@example.org,8,21,96166
OWN259,Anne Woods,"04447 Gloria Circle
New Matthew, NC 61675",East Christinafurt,New York,(954)798-2300,karenmeyer@example.com,14,16,62699
OWN260,Wesley Wise,"633 Veronica Green Apt. 455
Davidsonbury, DC 70750",Toniberg,Louisiana,305-986-7852x3234,angelicamurray@example.com,20,14,71432
OWN261,Timothy Maldonado,"665 Clayton Vista Suite 371
New Laurieshire, ND 89347",Davidfurt,Alaska,7602467188,larry67@example.net,9,78,84041
OWN262,Dr. Marc Rodriguez DDS,"01260 Richard Harbors Suite 304
Wardfort, NJ 19767",Ronaldburgh,Rhode Island,+1-804-206-6538x44589,carrollsuzanne@example.org,8,86,89942
OWN263,Amanda Lewis,"28176 Berg Plaza Suite 118
South Chrisview, NM 23189",Gardnerhaven,New Jersey,001-740-302-3937x70998,ahayes@example.com,9,49,94230
OWN264,Mathew Jordan,"648 Johnson Meadow Apt. 046
East Melissa, MN 56480",Lake Davidfort,Louisiana,(719)438-8700x70717,ambermitchell@example.org,6,26,68591
OWN265,Jamie Cameron,"PSC 0376, Box 5272
APO AE 11898",Hamiltonbury,Colorado,860.572.9600x63048,darmstrong@example.net,23,80,23116
OWN266,Billy Salas,"17718 Tucker Plains Suite 098
Morrisonmouth, AS 77565",Tylerview,South Carolina,596.837.6696x522,joe23@example.net,17,6,56432
OWN267,Mark Hicks,"0301 Phillips Hollow Suite 108
West Alexachester, VA 33631",Heatherland,Alaska,+1-587-915-9095x085,hernandeznathan@example.com,11,38,74406
OWN268,Erica Thomas,"PSC 1689, Box 2255
APO AA 83238",Port Jared,New York,+1-930-325-3264x222,michaelrodriguez@example.net,2,12,64526
OWN269,Randall Ramirez,"015 Diana Prairie
Huangfurt, AS 16888",Wigginshaven,Oklahoma,001-919-797-8173x64165,mosesveronica@example.net,25,76,79363
OWN270,Joseph Huff Jr.,"3150 Sanchez Expressway Suite 185
New Stephanie, PW 69935",Maryview,Wyoming,973-211-8887,mcook@example.org,16,35,10593
OWN271,Antonio Morrison,"USNS Peters
FPO AE 76200",Rebeccaview,Vermont,(549)674-2893x04551,richardsonlaura@example.net,21,22,83743
OWN272,Richard Sparks,"160 Sandra Loaf
South Christine, WV 09040",Michaelberg,Georgia,(590)620-0993x80489,fjohnson@example.org,14,88,26937
OWN273,Victoria Cochran,"643 Elijah Mills Suite 370
North Shannonbury, VT 06506",Vaughanmouth,Virginia,7003111214,craigwilson@example.net,1,49,63541
OWN274,Kimberly Huffman,"72608 Loretta Valleys Apt. 551
Martinezbury, NV 69358",East Sarahburgh,Wisconsin,875-751-0616,melaniewest@example.org,21,36,40481
OWN275,Brian Delacruz,"1569 James Ville Apt. 712
Larsenhaven, KS 99288",New Ashley,Virginia,(374)681-9703x66341,william82@example.org,13,38,16281
OWN276,Miranda Jackson,"2575 Coleman Neck Apt. 689
Lake Jamie, SC 02599",South Christophermouth,West Virginia,001-557-840-7586x962,fmason@example.org,25,79,69304
OWN277,Monica Graham,"585 Davenport Burgs
Thomasville, AL 21343",Port Thomas,West Virginia,001-304-477-9871x63172,ashley45@example.com,14,23,81260
OWN278,Donna Lopez,"8693 Samantha Groves Suite 469
New Laurenfurt, DE 59643",Lake Johnshire,Michigan,(866)863-7300x86426,sarahromero@example.org,6,61,21162
OWN279,Geoffrey Smith,"854 Tran Lake
Lake Joshua, DE 82559",Adamsville,Alaska,(885)447-0216x5605,brenda17@example.org,22,25,83107
OWN280,Michael Moreno,"9326 Caleb Burg Apt. 266
Howardfurt, IA 10738",Chadchester,North Dakota,001-652-830-6990x7578,tuckerjamie@example.net,18,27,63760
OWN281,Leonard Navarro,"USCGC Fisher
FPO AP 85831",Walkerstad,North Dakota,+1-375-460-1101x147,poncejulie@example.com,8,20,12572
OWN282,Samuel Gillespie,"05753 Christopher Cliff Suite 017
North Rickyburgh, GU 11200",South Jeremy,Oregon,419.329.3013x82453,bbell@example.com,24,77,63206
OWN283,Kelly Thomas,"743 Young Lakes Apt. 262
Simmonsberg, GU 58326",Hendersonshire,Oklahoma,(336)359-7804x1681,gfox@example.org,25,74,69733
OWN284,Alexander Murphy,"3150 Todd Turnpike
Maxwelltown, VT 47390",Port Robertland,New Jersey,+1-211-388-6580,jessicaparker@example.net,6,52,49295
OWN285,Ana Wright,"USNV Young
FPO AE 32941",Rodriguezburgh,Iowa,(859)700-0622,michellebennett@example.net,2,61,74602
OWN286,Joanna Jimenez,"318 Spencer Fall Suite 753
Rosshaven, NV 81839",Port Adammouth,California,957-657-2629,victorlloyd@example.org,25,99,43077
OWN287,Haley Gross,"437 Gomez Plaza
Brownport, PA 20920",South Juliaview,Nevada,869-776-0960x4083,maryblack@example.com,18,72,19623
OWN288,Mary Miller,"61596 Shelly Union
Margaretbury, NJ 43231",South Francisco,Colorado,001-933-801-5226x396,brian43@example.com,14,69,29886
OWN289,Amber Perez,"10041 Taylor Forges
West Marissastad, NY 61602",North Natashabury,Delaware,+1-742-933-3033x46344,steven39@example.org,1,40,38300
OWN290,Andrew Moran,"USCGC White
FPO AE 63494",Stevenfurt,California,593-951-8062,hellis@example.org,6,71,22014
OWN291,Cheryl Rodriguez,"072 Heather Plaza
East Debbieland, ME 85318",Thomasville,Missouri,001-490-221-7073,danielpratt@example.org,5,64,73614
OWN292,Anthony Lambert,"26758 Yates Fields Suite 074
North Kristin, AR 55063",Lake Austinburgh,Maine,6405271771,gabriel99@example.net,7,19,69676
OWN293,Jason Wang,"6136 Lee Creek Suite 270
East Christopher, CO 14574",West Russell,New Jersey,+1-256-868-9954x4060,bakerbetty@example.com,25,64,48801
OWN294,Bradley Andrews,"28730 Cynthia Plaza Suite 845
South Robert, VA 50931",Quinnshire,Alabama,436.652.5576,holmeshenry@example.com,22,26,98839
OWN295,Christopher Mitchell,"04571 Tyler Burgs Suite 656
Port Ashleyfort, DC 44768",West Markton,Alabama,779.478.3999x394,afranco@example.com,16,73,89230
OWN296,William Murphy,"3643 Mary Ways
New Erik, MP 66796",Karenborough,Rhode Island,950.434.2982,dawn56@example.org,21,38,34814
OWN297,Tiffany Valencia,"379 Susan Dam Suite 805
Elliottbury, NC 04765",Lake Stephaniemouth,New Hampshire,+1-295-459-5295,nicolemartin@example.com,16,74,99239
OWN298,Matthew Holmes,"Unit 7933 Box 8467
DPO AE 16764",South Apriltown,Arizona,814-698-7245x0242,amanda76@example.com,18,65,30977
OWN299,Joshua Olson,"PSC 5257, Box 7479
APO AE 28246",West Annberg,Florida,440-799-7655,joseph27@example.org,9,22,70454
OWN300,Joshua Ray,"9978 Harrison Expressway Apt. 929
Smithbury, HI 58053",Port Brittneyhaven,Texas,252.614.4837x648,murraymark@example.org,12,69,20599
OWN301,James Hicks,"1674 Daniel Brooks Suite 272
Ericksonchester, NE 44281",Brewerhaven,Virginia,726.950.9898,erikhanson@example.net,9,8,60111
OWN302,Erin Joseph,"817 Moore Orchard
Zavalaborough, VI 00958",North Charlesport,Connecticut,(687)746-9296x1474,osborngary@example.net,11,12,53453
OWN303,Justin Gentry,"5409 Kristi Fort
Jackieborough, AS 84521",West Rachelside,Nevada,575-331-8381x812,keith83@example.org,18,6,84928
OWN304,Paula Rodriguez,"048 Mueller Station
Crossburgh, NH 68243",New Brittany,Pennsylvania,7589969710,qyoung@example.com,21,52,38099
OWN305,Lauren Small,"442 Dawn View Apt. 355
South Maryberg, NV 67911",Jasonland,North Dakota,+1-534-535-7920x175,danielle95@example.net,4,59,49028
OWN306,Tyler Solomon,"2424 Tammie Row Apt. 002
Jamesmouth, VI 33541",East Danielport,Colorado,358-577-6328x29477,lthompson@example.org,15,11,58995
OWN307,Teresa Contreras,"20132 James Isle Apt. 690
Martinezbury, DE 58850",West Kylefurt,Indiana,900.221.8721x6832,david34@example.net,20,86,44541
OWN308,Melissa Ortiz,"020 Amy Ford Suite 987
Pearsonland, FL 85744",Maryland,California,700.712.8408x74271,brad31@example.net,18,76,71105
OWN309,Linda Holder,"Unit 4355 Box 4668
DPO AE 11307",Lake Juanburgh,Nevada,+1-938-750-8473,margaret21@example.net,11,29,45442
OWN310,Caroline Nelson,"5642 Steven Village
South Emma, MO 53942",North Mary,North Carolina,(520)990-7889,nsmith@example.com,2,66,94555
OWN311,Brett Tyler,"30781 Danny Shores Apt. 966
Johnsonburgh, FL 79754",North Jillianmouth,Nebraska,6075088997,david93@example.net,21,85,38349
OWN312,Sarah Ellis,"91904 Pitts Stravenue Suite 210
Frankside, AR 82500",North Thomas,Maryland,(785)478-8428x1679,nirwin@example.com,6,73,93320
OWN313,Emily Drake,"3598 Kim Tunnel Suite 770
Lake Jennifer, VI 26359",Cuevasborough,Utah,+1-820-340-9079,colelucas@example.net,10,49,59292
OWN314,Brittany Morales,"USCGC Chan
FPO AA 17948",East Kenneth,New Jersey,(749)424-5512,kimberlydean@example.net,18,70,98346
OWN315,David Mccormick,"999 Joseph Port
Jacksonborough, HI 90866",Michelleport,Hawaii,+1-964-211-6798,pamela46@example.net,19,35,28817
OWN316,Brandy Rodriguez,"38981 Jack Estates
East Matthew, OR 95669",Kelseyberg,South Dakota,558-344-4308,whitecarolyn@example.net,5,72,18550
OWN317,Vanessa Lee,"427 Shea Burgs Apt. 829
Lowefurt, WI 24525",Kimberlyfurt,Louisiana,9326262121,michael33@example.org,21,66,21419
OWN318,Rebecca Villegas,"402 Gabriella Groves
New Courtney, AR 05136",Jenniferbury,Illinois,+1-384-846-3140x75184,stuart38@example.org,2,75,34482
OWN319,Brian Thompson,"775 Caroline Burgs Apt. 264
Deniseville, MS 36362",Elizabethborough,New York,(268)394-9460x2756,angelica94@example.com,5,74,25693
OWN320,Michael Garcia,"Unit 3271 Box 1913
DPO AE 38071",West Heatherland,Arkansas,656.288.7686,chelseylewis@example.org,19,39,17355
OWN321,Sara Poole,"839 Blair Manor
Foleyfort, PA 64920",Michaelmouth,New York,577-818-7258x722,mortonbrittany@example.com,7,30,43667
OWN322,James Rodriguez,"946 George Dale
South Rebeccaton, OR 02692",Kevinfurt,Iowa,761-985-1903x98898,elizabeth97@example.net,19,94,72913
OWN323,Craig Davis,"28048 Haley Path
New Michael, WV 91392",Lake Caleb,Rhode Island,(386)234-6006x20193,alicialewis@example.com,15,50,93617
OWN324,Daniel Campbell,"7666 Hogan Crossing
South Michael, PW 54598",Fosterstad,Alaska,+1-743-357-6068x427,chadfernandez@example.org,21,83,42487
OWN325,Kayla Gonzalez,"Unit 7834 Box 2639
DPO AP 10977",East Leslieport,North Dakota,873.309.1757,mariathomas@example.com,7,54,68026
OWN326,Joel Kelley,"15073 Alexander Spring Suite 792
North Deborahport, IA 55691",Lake Frankmouth,North Carolina,001-266-761-8775x95683,johnpena@example.org,25,74,40345
OWN327,Alicia Harris,"86434 Mark Glens Suite 109
Sharonstad, MS 02270",Marvinhaven,Minnesota,414.473.4739,jeremy84@example.com,12,70,82210
OWN328,Kelsey Bright,"010 Derek Land
North Ashleyborough, VT 36288",Johnstonland,Washington,(962)931-0238x651,toddthomas@example.org,10,48,45901
OWN329,Kathryn Barber,"737 Foley Walks Suite 924
Pattersonberg, MO 89572",Erikland,Indiana,+1-572-816-6462x76046,whitejennifer@example.com,19,9,98165
OWN330,Christopher Dodson,"5637 Charles Turnpike
Martinezmouth, NJ 11365",West Emily,Illinois,779-985-8041x339,fwhite@example.org,18,57,73977
OWN331,Brett Butler,"7036 Ariana Square Suite 919
Thomasstad, MS 78031",Edwardbury,Alabama,558-479-9292,patricia68@example.com,21,72,22366
OWN332,Jeremy Bond,"572 Jennifer Park Suite 099
South Stuart, NH 11051",Cortezchester,Pennsylvania,001-249-695-8901x49511,andreahernandez@example.com,7,69,98573
OWN333,Jessica Marquez,"593 Houston Shore
East Lawrencestad, VT 87731",Russellchester,Arizona,685-334-5046,agarcia@example.org,5,34,23710
OWN334,Susan Fowler,"3725 Garcia Meadow Suite 087
South Jenniferchester, NY 95735",Port Danielle,Iowa,665-874-8584,qwebb@example.com,23,98,22989
OWN335,James Edwards,"0551 Jones Parks Apt. 899
South Elizabethton, PW 82450",Lake Grantside,Washington,001-467-584-9219x231,jeremycross@example.net,20,57,75494
OWN336,Angela Weber,"794 Jerry Centers Apt. 429
Mcneilfurt, CO 91791",Petersshire,Indiana,(351)648-7949x0405,twells@example.com,25,96,62092
OWN337,Marcia Watson,"03519 Kelly Locks Apt. 136
West Jenniferberg, OR 58004",Mahoneyborough,Montana,(254)708-3050x9625,charles36@example.org,22,40,69244
OWN338,Alyssa Maynard,"858 Baxter Turnpike Apt. 290
Port Ashley, ND 95463",Matthewtown,Oklahoma,933-246-5947x33312,amanda90@example.net,11,90,78289
OWN339,Tonya Malone,"USNS Owen
FPO AE 64864",Ingramville,Georgia,001-579-723-7663x3633,brenda66@example.net,24,36,41923
OWN340,Jennifer Gilmore,"6438 Sean Bridge
Roberthaven, WI 77442",East James,West Virginia,+1-618-212-2752x7614,wtucker@example.com,12,53,59714
OWN341,Christie Miller,"8913 Smith Run
Cameronport, FL 72015",East Zachary,Michigan,613-228-3950x9799,cassandra84@example.com,8,71,77589
OWN342,Scott Young,"USNV Schaefer
FPO AA 19845",West Kellyburgh,South Dakota,(204)367-1690x7425,ramosronald@example.com,22,26,76870
OWN343,Jacob Caldwell,"214 Ronald Drives
North Kimhaven, PR 37157",North Sarahshire,Tennessee,001-202-472-5864x4707,anthonyadams@example.com,6,28,68530
OWN344,Nicholas Williamson,"USS Stanley
FPO AP 24133",New Jerome,Pennsylvania,3286114368,kgarcia@example.net,1,56,98944
OWN345,Kevin Humphrey,"96468 Nathan Drives Suite 793
West Johnside, AR 21551",South Toddfurt,Maryland,362-480-1926x79111,cfrench@example.org,21,79,71884
OWN346,Karen Davis,"08624 Shawn Crescent Suite 060
Port Evan, CT 03232",Rodriguezfort,New Hampshire,842-501-3968,valerieanthony@example.com,16,63,73664
OWN347,Patrick Anderson,"272 Elizabeth Rapids Apt. 948
Fostermouth, RI 00972",New Jennifer,Wisconsin,323.925.6161x107,ijefferson@example.com,8,9,79793
OWN348,Thomas Johnson,"188 Gardner Court Suite 869
Nicoletown, VA 71354",Elizabethport,Idaho,445.363.4163x282,orichard@example.org,10,28,85894
OWN349,Franklin Moses,"075 Elizabeth Row Suite 814
Calebport, PA 03345",Murrayfort,Nebraska,773-691-8829x447,tonyawilliams@example.com,17,45,17920
OWN350,Amy Flores,"774 Jeffery Plains Suite 589
Hollymouth, PR 36722",Carolmouth,North Dakota,918.724.6335,qwatson@example.org,15,61,15110
OWN351,Mark Fitzgerald,"2141 Leslie Motorway
Thomasbury, PW 75191",Joshuamouth,Delaware,412.370.2153,christopherkidd@example.com,21,22,37820
OWN352,Timothy Kelley,"832 Lopez Wall Suite 119
West Reginastad, MS 46359",North Catherinehaven,Iowa,566-560-8546x854,pfuller@example.org,14,74,21702
OWN353,Mr. Christian Salinas,"26856 Schmidt Trail
West Wayne, NH 95197",South Pamelabury,Utah,(963)373-8590,krista10@example.org,22,11,97050
OWN354,Meghan Yoder,"2742 Williams Roads
North Brenda, PW 06196",East Christinechester,Alabama,001-390-272-5238,hwest@example.org,9,59,40333
OWN355,Dustin Moses,"103 Henderson Union Suite 896
Ellismouth, NV 10186",Charlesburgh,North Carolina,861-223-7278,tjones@example.com,13,90,42039
OWN356,Matthew Yang,"840 Chad Light
Lake Jeffreyhaven, DC 57019",North Brittanyshire,Oklahoma,253-597-1045,smithdebra@example.net,5,100,12500
OWN357,Miranda Kirk,"4215 Solomon Locks
New Glen, TN 53113",Lake Vincent,Vermont,(367)668-9961,zowens@example.com,3,49,49216
OWN358,Jennifer Reed,"4004 Joshua Stream
Curtisborough, OH 15764",East Christophermouth,New York,(543)330-0743,ashley59@example.net,13,14,27121
OWN359,Michael Williams,"97866 Sheila Ridge Suite 857
South Timothy, NJ 98140",South William,Connecticut,001-261-790-6446x16165,caitlyn15@example.org,3,37,86860
OWN360,Wesley Clark,"76111 Copeland Wells Apt. 154
Reynoldsville, OR 39606",Port Dylan,Virginia,946.471.6998x2048,znelson@example.net,3,98,33032
OWN361,Linda Keller,"77713 Shelia Crescent Suite 299
Delgadoborough, GU 62487",Pennyshire,Delaware,(781)719-6223,kathleenhoward@example.net,21,28,80328
OWN362,Brandy Scott,"6479 Nathaniel Spur
Lake Manuelbury, WY 15943",Kaitlinfurt,Kansas,227-223-9811x239,fbanks@example.net,21,86,64359
OWN363,Tonya Thomas,"993 Brooks Crossroad
North Michael, WY 55971",East Andrewmouth,Utah,(914)340-3866,joneskendra@example.com,22,62,34809
OWN364,Tina Bailey,"88902 Williams Drives Suite 938
Port Lisaberg, OK 81460",South Maryshire,Tennessee,228.880.2026x86472,walkerbrooke@example.net,4,89,87323
OWN365,Andrew Santana,"829 Clark Ville
West Annton, FM 48740",Simpsonview,South Dakota,331.994.2099x444,bruce87@example.org,9,98,25816
OWN366,Amber Gonzalez,"92866 Lee Burg Apt. 718
Maloneview, AZ 32494",Suzannemouth,Alaska,001-785-612-4176,allenjames@example.com,21,88,85618
OWN367,Ms. Maureen Patterson,"95247 Morris Cape Suite 874
Samanthamouth, MS 16720",West Sandra,Missouri,(280)330-3573x59658,jesusgalvan@example.com,9,78,29537
OWN368,Laura Reyes,"9621 Marc Spur Apt. 495
East Stephen, DE 91285",Port Melissaview,Hawaii,+1-619-604-5817x25529,henrykrause@example.net,21,58,98270
OWN369,Dustin Williams,"996 Alyssa Springs Suite 902
East John, IL 87759",Morrowton,Colorado,835-339-5772x46925,briansmith@example.org,11,91,23581
OWN370,Antonio Meyer,"60803 Brittany Mill Apt. 659
Port Austinburgh, NY 76774",Michaelshire,Hawaii,2566493175,jennifersandoval@example.org,4,73,53402
OWN371,Pedro Phillips,"4966 Dominguez Turnpike Apt. 907
Hawkinsfurt, MS 50246",Tiffanyhaven,Hawaii,594-613-2553x50310,balljoseph@example.com,23,69,17280
OWN372,Michael Garcia,"18775 Kyle Divide
South Timothy, MA 73508",Hillberg,Indiana,+1-270-424-3326x1413,angel79@example.org,6,5,33742
OWN373,Amanda Jackson,"Unit 3109 Box 3963
DPO AA 72731",Cassandraton,South Dakota,755-794-6149,faguilar@example.com,21,32,22078
OWN374,Pamela Horton,"66401 Bennett Manors Suite 682
Lake Brandonton, IN 62203",South Garyside,Arkansas,356-821-5010,leahmejia@example.org,11,85,94688
OWN375,Carmen Ball,"4922 Davis Village
West Dawn, IN 89133",Diazberg,Rhode Island,561.785.7027,gregory46@example.com,6,17,97449
OWN376,Wendy Stein,"65098 Steven Park Apt. 390
West Sydney, WV 82833",East Brian,South Carolina,484-710-3609,lcollins@example.net,23,99,94439
OWN377,Leslie Robinson,"217 Anthony Summit
New Hannahmouth, PR 81482",Brandymouth,Mississippi,988.937.0754x5211,wilsonmatthew@example.com,18,6,84629
OWN378,Sean Walker,"74728 Matthew Manors
Fernandomouth, RI 51094",South Andre,Kentucky,001-461-926-1811x09545,pinedajames@example.com,14,13,30465
OWN379,Christopher Gonzalez,"811 Tina Mill Suite 119
Johnbury, NC 35743",Mcneiltown,Pennsylvania,001-767-967-3979x16976,samuel56@example.org,10,83,30230
OWN380,Kimberly Saunders,"92966 Acosta Manor Suite 097
Diazport, MI 70670",North Davidton,Arizona,(294)323-8556,iwagner@example.org,2,19,82005
OWN381,Jennifer Murray,"7744 Alexander Vista
Raymondhaven, TN 17149",Emilyfurt,Maryland,001-921-659-9267,suzanne43@example.com,24,43,40331
OWN382,Carlos Ellis,"33011 Kayla Island Apt. 064
Lake Elizabeth, NE 46764",South Jenniferton,Wisconsin,537.336.0437,floresalexander@example.org,11,98,87950
OWN383,Frances Gonzales,"USCGC Cain
FPO AA 66698",Port Heather,Georgia,+1-231-801-5843x0108,turnerrhonda@example.org,16,33,11575
OWN384,Thomas Sanchez,"2323 Timothy Green
Larsonchester, WI 44529",Diaztown,Alabama,573.323.1635x0981,martinezvictoria@example.net,25,84,78253
OWN385,Kenneth Myers,"822 Watson Spring
Markville, IA 48380",North Amber,New Jersey,001-641-873-0618x773,jadedavis@example.net,2,57,51861
OWN386,Lindsay Black,"24705 Cynthia Spur
Shelbytown, DC 73552",Port Janettown,Iowa,640-424-2488x0774,danielyu@example.org,16,23,73268
OWN387,Shannon Douglas,"11239 Tammy Passage
Bradleymouth, AL 72176",Cruzhaven,Alabama,824.676.2870x4066,matthew97@example.net,7,71,16258
OWN388,Christina Henry,"14640 Randall Ford Apt. 683
Mercermouth, ME 28018",New Rebeccashire,Tennessee,(549)276-6648,ricardobarker@example.com,4,58,54341
OWN389,Christopher Jordan,"Unit 3054 Box 4341
DPO AE 72927",Port William,Alabama,+1-769-236-9283x5223,johnsoncynthia@example.net,18,44,57374
OWN390,Rachael Bates,"0517 Paula Spring Suite 231
South Katietown, KY 58955",Padillashire,Kansas,667-203-3466,leonardjason@example.org,14,29,33899
OWN391,David Jacobs,"18402 Steven Plains
Wyattport, CT 90862",Port Jennifer,Alabama,(750)698-0941x7104,zacharyjones@example.com,22,37,55358
OWN392,Valerie Gray,"75561 Snow Mill Apt. 650
Davidview, NE 53467",Smithfurt,Missouri,001-804-325-9472x541,zburns@example.com,10,100,10904
OWN393,Joseph Lewis,"70185 John Street Apt. 472
Williamport, WA 83283",Jessestad,Connecticut,763.576.6430,brian58@example.com,24,51,39656
OWN394,Raymond Mathews,"249 Foley Port
West Benjaminchester, LA 54479",South Robert,Nebraska,311.845.1524x9418,vlong@example.org,14,5,62397
OWN395,Steven Brown,"63412 Megan Cliffs
East Lee, CT 07205",Jenniferside,New York,601-342-9228x32773,howellhannah@example.org,11,59,76399
OWN396,Courtney Valenzuela,"12579 Renee Isle
North Alexander, KS 28026",Taylorshire,Maine,3517214670,ramirezeric@example.org,4,46,44187
OWN397,Sean Hart,"0234 Mitchell Drives
Lake Josephhaven, VI 46215",South Roy,Maryland,(426)844-8320,todd39@example.net,21,6,88821
OWN398,Terry Fleming,"66473 Brian Meadow
New Jorge, RI 26341",Adamsshire,Texas,833.892.0202x49446,sarah46@example.net,17,51,99691
OWN399,Kimberly Reynolds,"18703 Daniel Loop Apt. 432
Taylortown, OH 91852",Downsville,Vermont,722-873-1809,tcastillo@example.net,6,17,69013
OWN400,Juan Owens,"0677 Wright Burg
Port Annchester, SC 37417",Port Sharonview,Delaware,(843)481-0040,livingstonkaren@example.com,23,65,33844
OWN401,Ricky Newton,"72036 Jenkins Forges Suite 034
Kellyton, OK 64127",Lake Brenda,Vermont,(692)655-0212,kmitchell@example.net,21,77,67233
OWN402,Julia Prince,"41207 Kenneth Meadow
Brownport, AZ 10705",Alexanderbury,Maine,569-764-3049x6825,jsanchez@example.org,5,24,85801
OWN403,Lee Gray,"20550 Vincent Cape
Jonesshire, NC 26260",Birdstad,Colorado,(741)366-2798x2306,ricardorobinson@example.com,6,34,98720
OWN404,Carolyn Zuniga DDS,"978 Margaret Prairie Suite 056
Debramouth, CO 46230",Biancaburgh,Kentucky,531.414.0248,ronaldallen@example.org,10,100,64016
OWN405,Christopher King,"522 Sanchez Mount
New Andreamouth, KS 39849",Tamiport,Oregon,264.748.1173,jasminegonzalez@example.org,16,18,80696
OWN406,Allison Mendez,"069 Smith Forest
North Beverly, DC 76763",Donnashire,Nebraska,+1-975-382-4298x49720,taylorjeremy@example.org,10,39,64646
OWN407,Ryan Ruiz,"7619 Ashley Terrace Suite 168
East Elizabeth, KY 04966",New Scotttown,Tennessee,(732)965-1980x9159,jjones@example.com,3,89,67687
OWN408,Jose Lyons,"721 Scott Mission Suite 142
East Julia, MT 90839",Port Patrickfurt,Illinois,(294)721-6440x868,stewarttodd@example.com,7,22,69319
OWN409,Mike Thornton,"48568 Victor Brook
Leeside, NM 77292",Francisborough,Florida,345-653-0696,randallwalker@example.com,10,36,13320
OWN410,Margaret Williams,"9931 Young Highway
New Janice, MA 95645",Obrienview,Connecticut,001-900-854-8309x067,jasonnicholson@example.com,22,61,61690
OWN411,Anna Wilcox,"7849 Holland Locks
West Kathryn, MI 24862",Mitchellmouth,Virginia,616-754-4626x170,vjordan@example.com,24,90,92609
OWN412,Dustin Delacruz,"64696 Tran Hill Apt. 781
Ericafort, NM 46165",Stoutborough,North Carolina,495-700-5867,mcintyrechristopher@example.org,22,95,60330
OWN413,Heather Rodriguez,"6535 Gomez Spurs Suite 259
Madisonton, NH 20561",Adamborough,Massachusetts,(816)774-5027x677,pinedalinda@example.net,15,88,43043
OWN414,Todd Barnes,"60614 Andrew Flats Suite 690
Johnsonport, FM 41162",Port Calebside,Arizona,884-985-4043x54066,johnhunt@example.com,21,5,11688
OWN415,Amber Martinez,"967 Fitzgerald Brooks Suite 153
Cathyland, DC 34691",Smithmouth,Maine,+1-363-659-2961,karasweeney@example.org,4,86,78038
OWN416,Kenneth Rodriguez,"8680 Emily Burg
Guerrashire, ID 13303",Chadtown,Idaho,(281)712-5505x9837,aguilarkristen@example.net,24,96,49310
OWN417,Laura Grant,"831 Julia Center Suite 787
West Brooke, PA 59571",Port Kathleen,Wyoming,520-911-1505,joshuadudley@example.com,15,90,94854
OWN418,Robert Pratt,"Unit 5717 Box 2909
DPO AA 28763",Contrerasland,Arkansas,(676)978-6224x8773,david80@example.org,14,54,86786
OWN419,Jill Simmons,"USNS Brown
FPO AA 99359",South Carlatown,Ohio,+1-247-542-8023,heatherhughes@example.org,20,100,57929
OWN420,Nancy Brown,"527 Paul Views Apt. 853
North Michaelland, CA 71915",Raybury,Connecticut,510-855-4481,jensenmichael@example.net,7,49,84952
OWN421,David Maxwell,"94889 Angela Greens Apt. 768
Lake Lisa, GU 70536",Lunaburgh,Mississippi,262.776.6379x7310,james40@example.com,13,8,68163
OWN422,Lisa Lewis,"47227 Sanchez Plain
South Eugenefurt, NV 24682",Mitchellview,Delaware,757-227-6782,tjordan@example.com,3,23,45871
OWN423,Gregory Gutierrez,"2392 Carolyn Hill
Doughertyton, OH 31951",South Heatherfort,Louisiana,752.214.1619x698,james17@example.net,2,75,42936
OWN424,Justin Thomas,"9061 Charles Rapid Apt. 425
South Kaitlynland, AK 22587",Port Zacharychester,Iowa,+1-845-494-9619x34483,cindy99@example.net,22,65,60150
OWN425,Mrs. Kristin Irwin,"6449 Mary Brook Apt. 986
Jeffreyton, ND 82780",Miguelside,Florida,+1-547-931-0608x13750,nguyenjoshua@example.net,12,94,30257
OWN426,Billy Patel,"278 George Spurs
Coleside, SD 62785",Johnville,Alaska,001-548-685-0941,linda62@example.net,1,91,55494
OWN427,Michelle Morris,"920 Robertson Forest Apt. 796
Port Melissa, NJ 59305",South Tanyafort,Vermont,2176746453,paul74@example.com,13,27,34172
OWN428,Linda Romero,"6292 Hayes Shoal Apt. 793
Lake Kara, DC 82273",Marcusborough,Virginia,(420)500-4403,benjaminsmith@example.net,22,43,69518
OWN429,Randall Wilson,"34819 Saunders Square Apt. 862
East Sharon, WY 88178",North Jennifer,Missouri,(353)460-7938x596,kimberly25@example.net,4,73,17762
OWN430,Ryan Ochoa,"37548 Cynthia Summit
Jessicaborough, MP 88594",Wagnerland,Louisiana,(671)321-2727x3969,beverlyhoward@example.org,7,86,77598
OWN431,Sandra Weeks,"669 Hess Garden Apt. 944
East Isabel, IN 49351",Dennisland,Georgia,806.217.0718x7858,jbrown@example.net,17,14,92423
OWN432,Henry Walton,"PSC 1939, Box 5535
APO AA 31915",East Kayla,Massachusetts,470-630-1534x38636,david66@example.net,10,85,41361
OWN433,Stephanie Beltran,"51179 Patel Crossroad
Port Jenniferchester, AS 79875",South Nicole,Washington,626.937.5317x047,hespinoza@example.net,15,18,17885
OWN434,Victoria House,"USCGC Diaz
FPO AA 75912",Lake Stephanieshire,Idaho,8079374182,dwaynewilliams@example.net,10,96,51552
OWN435,Nathan Smith,"038 Peterson Manor Suite 929
Dominguezmouth, MT 21840",Jonesburgh,Kentucky,001-298-891-2300x4790,afernandez@example.net,21,71,34520
OWN436,Christina Mcguire,"93473 Bates Oval Apt. 693
Andersonstad, CO 22754",Greenville,Washington,+1-394-258-4059x643,nsalazar@example.com,13,12,87564
OWN437,Charlotte Phillips,"PSC 2691, Box 6403
APO AP 55901",Gibbsburgh,Michigan,+1-715-678-9378x5202,jacobsshawn@example.net,13,100,14692
OWN438,David Owen,"332 Cynthia Via
Lake Carriemouth, AS 18137",Williamburgh,Nevada,(916)681-6411x538,brianconner@example.org,1,98,69617
OWN439,Jason Bell,"797 Kevin Gardens
New Julie, NM 59052",North Mark,Mississippi,001-207-645-0690,mendozarobin@example.com,11,12,70250
OWN440,Cindy Hall,"7545 Stephens Radial
Michaelchester, MD 48315",Gomezmouth,Minnesota,397-874-1009x0757,tyler57@example.com,23,78,69511
OWN441,Allison Guerrero,"47759 Ryan Flat
Mayton, NV 57762",East Hannahside,Kentucky,366.878.5363,frazierleslie@example.net,11,23,31093
OWN442,Jose Becker,"209 Andrew Ramp
South Melissafurt, MN 53350",East Kennethview,Virginia,836-944-2451,karen67@example.com,3,63,76378
OWN443,Edwin Graham,"929 Bell Green Suite 488
Joshuatown, VI 51313",Dawsonburgh,Tennessee,001-222-389-0914x84074,freemanjon@example.com,1,57,63668
OWN444,Karen Wong,"027 Frost Rue
Youngview, PA 09206",Jonathanview,Arizona,9785259641,ysolis@example.com,16,61,49884
OWN445,Luke Armstrong,"113 Walls Estate Suite 907
Nguyenborough, OH 98536",Greenport,Georgia,980.810.7252,oaustin@example.com,17,13,77051
OWN446,Melissa Burton,"22083 Katelyn Crossroad
Davidshire, IN 08923",Sanchezport,Montana,001-970-465-4495,stephengonzales@example.net,19,30,11483
OWN447,Erin Martin,"228 Jacob Squares
New Marcus, WI 21779",South David,Utah,778.327.7686x541,christine53@example.org,23,85,18796
OWN448,Justin Bell,"38450 Medina Drive Apt. 778
Romeroport, ND 58910",Melissaville,Alaska,645-873-0221,millervictor@example.net,13,30,97682
OWN449,George Cruz,"2147 Carey Loaf
Jenniferside, SD 31977",North Ashley,Wyoming,001-625-805-9716,williamsstephanie@example.net,14,69,45596
OWN450,Dennis Willis,"141 Gomez Shores Apt. 174
Nathanborough, MD 58039",Amandahaven,Ohio,001-967-684-0344x0873,vpotter@example.net,5,59,41641
OWN451,James Johnson,"016 Scott Streets
Owensberg, TX 30343",Jasonland,West Virginia,+1-544-651-8245x77509,bnixon@example.com,7,60,20751
OWN452,Lisa Moss,"6464 Raymond Shoals Apt. 980
Port Debra, ND 79904",Graceborough,Pennsylvania,912.231.3728,carrolljohn@example.org,18,80,22407
OWN453,Anna Watson,"190 Robert Brooks Apt. 031
Port Jennifer, TX 32326",Hillburgh,Utah,637.230.0606x2514,mmoore@example.org,8,45,54654
OWN454,Maria Hansen,"USNV Barry
FPO AA 64425",Lake Kaylabury,Missouri,842.653.7959x25531,cunninghamjennifer@example.com,20,97,67085
OWN455,Hannah Rodriguez,"12101 Shannon Coves Suite 495
North Isabellaport, NC 00639",New Michael,Minnesota,842.663.3302,rodriguezlinda@example.org,12,63,31252
OWN456,Jason Oconnell,"1817 Peters Rue Suite 739
West Brittany, ID 93974",Sherrichester,Maine,8464557932,joseph24@example.org,15,23,82088
OWN457,Maria Morris,"99112 Davis Mews Suite 475
Keithview, NV 21746",East Kevin,Connecticut,(383)945-4919,david50@example.net,16,75,24732
OWN458,Rebecca Anderson,"5548 Emily Harbor Suite 652
Michelleside, ME 59491",Gouldfort,North Dakota,986.756.9579x4434,thomasdebra@example.com,22,97,76083
OWN459,Sandra Smith,"403 Smith Freeway Suite 588
South Hannah, AL 38325",Cummingsberg,Massachusetts,+1-647-545-7654x8176,leecarolyn@example.net,9,91,24996
OWN460,Kevin Medina,"870 Curtis Manors
North Kellifurt, PW 56052",Brownland,New Hampshire,+1-992-585-5306x6014,daltonderek@example.net,24,43,70812
OWN461,Melinda Gross,"02664 Dominguez Cliffs
West Seth, DE 15984",Port Rebeccaside,California,357-676-2575,ambermcgee@example.net,13,28,98407
OWN462,Jessica Mitchell,"11976 Brown Islands Apt. 820
East Shannonbury, MA 01476",Millerburgh,Nevada,968.733.0969x50932,jacksonrandy@example.com,8,70,14829
OWN463,Jason Jackson,"001 Rhonda Manor
New William, FM 59559",Buchananville,Arkansas,001-897-828-7136,annette87@example.com,6,55,74002
OWN464,Erica Smith,"821 Caroline Plaza
East Katherineside, RI 39882",West Kaitlyn,Colorado,915-691-6769,eric25@example.net,2,81,47933
OWN465,Douglas Reed DDS,"8166 Marissa Dam Apt. 183
East Tonya, HI 97088",Smithport,South Carolina,362.640.6258,mendozagloria@example.org,14,13,83031
OWN466,Robert Wood,"355 Moore Pass Suite 354
Hernandezside, GU 38995",East Joanne,Pennsylvania,+1-299-747-5029x3771,williamsdavid@example.com,14,64,98903
OWN467,Edward Friedman,"22324 Cooper Plains Apt. 791
East Philipstad, AZ 05703",West James,North Dakota,722.957.4177,gbrown@example.net,16,16,63357
OWN468,Lauren Martinez,"237 Kirk Dam
Lake James, ND 03721",Port Jessicafurt,Missouri,(843)517-4502x5121,jacob10@example.org,25,40,19521
OWN469,Kimberly Page,"9624 Hernandez Parkway Apt. 752
Whitakermouth, WY 03514",Kristinahaven,Wyoming,+1-575-843-2702x63783,emeyers@example.org,17,20,44443
OWN470,Linda Oneill,"38282 Anthony Freeway Apt. 966
East Darrell, FM 83993",Michaelfurt,Louisiana,548-693-9731x137,laurasullivan@example.com,14,11,43499
OWN471,Sergio Garcia,"743 Lori Island Suite 994
Calderonton, KY 23105",East Kenneth,Alabama,+1-223-712-0923x31809,danielgolden@example.net,22,91,85503
OWN472,Kristin Warren,"4386 Christopher Squares
North Jennifer, FM 05578",Beckerton,Minnesota,+1-297-387-0015,wilsondalton@example.org,19,16,29839
OWN473,Kristine Patrick,"3995 Williams Vista Suite 016
Russellville, MO 40212",Archerberg,Alaska,231-655-2184,hlawrence@example.net,19,89,39124
OWN474,Ryan Elliott Jr.,"7061 John Drive Suite 475
Valerieport, MO 28946",South Laura,Montana,+1-752-272-1995x265,christophercunningham@example.org,14,30,29024
OWN475,Sandra Ferguson,"81918 Laura Ranch Suite 294
Elizabethmouth, AK 67878",Kerrberg,Wyoming,495-311-3464x84474,melissafarrell@example.net,5,71,13869
OWN476,Jason Richardson,"690 Johnson Centers Apt. 435
Rodriguezmouth, MO 92884",East Angelaburgh,New Mexico,(612)408-0246,gary73@example.com,24,89,31930
OWN477,Eric Goodwin,"07814 Stein Forges Apt. 916
South Rebecca, MO 69629",Lake William,Iowa,(439)605-4308,dwashington@example.net,20,62,88765
OWN478,Joshua Doyle,"98798 Matthew Spring Suite 787
Thomasland, WA 10078",West Adrianaton,Illinois,(756)649-1985x9110,sjohnson@example.net,17,5,19579
OWN479,Stephanie Hernandez,"489 Katelyn Wells
Justinview, CT 69939",Port Johnfurt,Wisconsin,(903)472-4029,traci06@example.org,7,43,73671
OWN480,Ruth Glover,"231 Cline Freeway
East Dustin, MT 76974",South Kellyville,Rhode Island,(998)539-7535,jasonsherman@example.org,5,100,15549
OWN481,Bryan Martin,"677 Monica Mountains
South Miguelhaven, NY 56655",Longmouth,Wisconsin,001-504-504-9319x837,montoyanatasha@example.com,19,60,74229
OWN482,Cassandra Hughes,"Unit 3366 Box 3771
DPO AE 71585",South Michaelside,Washington,760-667-3174x27293,mooregregory@example.net,8,73,65308
OWN483,Roger Humphrey,"26378 Hernandez Estates Suite 553
East Thomas, NY 51150",East Darrenfort,Oregon,830.464.8054x76121,craneanthony@example.org,13,66,55200
OWN484,Holly Park,"585 Matthew Isle Suite 782
Collinschester, CA 40777",Port Zachary,Kentucky,8734544738,zcollier@example.com,3,84,66504
OWN485,Erik Dillon,"9593 Jon Plains
East Donna, UT 54463",Lake Michealtown,Florida,(403)836-9658,todd50@example.com,12,31,68145
OWN486,Michael King PhD,"1012 Thompson Haven
Alvarezport, FM 84294",Lake Ethan,South Dakota,854.543.8038,brownbrett@example.com,13,63,13296
OWN487,Jason Duncan,"4238 Brenda Roads
Torresborough, MH 79834",West Connieburgh,North Dakota,266-309-9342,albertwilliams@example.com,8,84,32686
OWN488,Stephen Clay,"808 Jeremiah Plains Suite 245
North Michael, WI 27033",New Brandyfort,Texas,869-392-0862x971,melissa93@example.org,16,43,91372
OWN489,Douglas Velazquez,"43614 Fernandez Stravenue Suite 671
Port Bethany, IN 49634",North Brittanyborough,North Carolina,+1-308-836-8757x52524,solomonmary@example.net,20,15,48916
OWN490,Sarah Johnson,"02083 Hampton Lights
New Derrick, DE 40161",Barkermouth,Colorado,(927)358-6031x010,lanepatricia@example.org,8,74,41043
OWN491,Jennifer Zimmerman,"14478 Ritter Springs
New Jamesshire, PW 54767",West Dillonberg,Virginia,988.570.4212x236,anna09@example.org,20,61,98356
OWN492,Gabriel Webb,"PSC 4096, Box 4374
APO AE 27008",Lake Sandrabury,Washington,(902)672-2423,philliplopez@example.org,11,5,54929
OWN493,Andrea Stokes,"75553 Jason Camp Apt. 380
East Andrea, TN 52850",Barnesview,Missouri,+1-511-619-2157x5154,andrearamirez@example.net,8,6,82145
OWN494,Thomas Peterson,"162 Susan Unions Apt. 100
Port Kennethmouth, WA 61954",Lake Gabrielatown,Missouri,+1-338-647-2404x96065,olsonjames@example.net,21,29,37871
OWN495,Suzanne Brooks,"725 Angela Centers
South Cody, AR 85897",Blakefurt,Florida,657.386.4175x031,rebecca63@example.org,13,9,23484
OWN496,Hector Benson,"13666 Boyer Route
Jonesview, VT 87336",Martinezmouth,Virginia,983.299.8707x988,mendozakeith@example.org,10,59,74199
OWN497,Cameron Wallace,"29333 Paul Road Suite 940
New Victor, AK 32184",New Davidmouth,West Virginia,+1-456-667-6416x562,erika28@example.net,4,49,19927
OWN498,Scott King,"49018 Maria Extensions Suite 303
Martinezview, OK 91262",North Kennethfort,New Hampshire,+1-738-699-1798x177,brianmorris@example.net,3,86,80759
OWN499,Raymond Gray,"2078 Edwards Turnpike Apt. 183
Washingtonfort, KY 21279",North Jenniferport,Florida,957-883-5459x94538,richardtran@example.net,22,76,77661
